URL,stosta
https://sr.wikipedia.org/wiki/%D0%9A%D0%BE%D1%81%D0%BE%D0%B2%D0%BE,што 
https://sr.wikipedia.org/wiki/%D0%9A%D0%BE%D1%81%D0%BE%D0%B2%D0%BE,што 
https://sr.wikipedia.org/wiki/%D0%9A%D0%BE%D1%81%D0%BE%D0%B2%D0%BE,што 
https://sr.wikipedia.org/wiki/%D0%9A%D0%BE%D1%81%D0%BE%D0%B2%D0%BE,шта 
https://sr.wikipedia.org/wiki/%D0%9A%D0%BE%D1%81%D0%BE%D0%B2%D0%BE,што 
https://sr.wikipedia.org/wiki/%D0%9A%D0%BE%D1%81%D0%BE%D0%B2%D0%BE,што 
https://sr.wikipedia.org/wiki/%D0%A7%D0%B5%D1%82%D0%BD%D0%B8%D1%86%D0%B8,што 
https://sr.wikipedia.org/wiki/%D0%A7%D0%B5%D1%82%D0%BD%D0%B8%D1%86%D0%B8,што 
https://sr.wikipedia.org/wiki/%D0%A7%D0%B5%D1%82%D0%BD%D0%B8%D1%86%D0%B8,што 
https://sr.wikipedia.org/wiki/%D0%A7%D0%B5%D1%82%D0%BD%D0%B8%D1%86%D0%B8,шта 
https://sr.wikipedia.org/wiki/%D0%A7%D0%B5%D1%82%D0%BD%D0%B8%D1%86%D0%B8,што 
https://sr.wikipedia.org/wiki/%D0%A7%D0%B5%D1%82%D0%BD%D0%B8%D1%86%D0%B8,што 
https://sr.wikipedia.org/wiki/%D0%A7%D0%B5%D1%82%D0%BD%D0%B8%D1%86%D0%B8,што 
https://sr.wikipedia.org/wiki/%D0%A7%D0%B5%D1%82%D0%BD%D0%B8%D1%86%D0%B8,што 
https://sr.wikipedia.org/wiki/%D0%A7%D0%B5%D1%82%D0%BD%D0%B8%D1%86%D0%B8,што 
https://sr.wikipedia.org/wiki/%D0%A7%D0%B5%D1%82%D0%BD%D0%B8%D1%86%D0%B8,што 
https://sr.wikipedia.org/wiki/%D0%A7%D0%B5%D1%82%D0%BD%D0%B8%D1%86%D0%B8,што 
https://sr.wikipedia.org/wiki/%D0%A7%D0%B5%D1%82%D0%BD%D0%B8%D1%86%D0%B8,што 
https://sr.wikipedia.org/wiki/%D0%A7%D0%B5%D1%82%D0%BD%D0%B8%D1%86%D0%B8,што 
https://sr.wikipedia.org/wiki/%D0%A7%D0%B5%D1%82%D0%BD%D0%B8%D1%86%D0%B8,што 
https://sr.wikipedia.org/wiki/%D0%A3%D1%81%D1%82%D0%B0%D1%88%D0%B5,што 
https://sr.wikipedia.org/wiki/%D0%A3%D1%81%D1%82%D0%B0%D1%88%D0%B5,што 
https://sr.wikipedia.org/wiki/%D0%A3%D1%81%D1%82%D0%B0%D1%88%D0%B5,шта 
https://sr.wikipedia.org/wiki/%D0%A3%D1%81%D1%82%D0%B0%D1%88%D0%B5,што 
https://sr.wikipedia.org/wiki/%D0%A3%D1%81%D1%82%D0%B0%D1%88%D0%B5,шта 
https://sr.wikipedia.org/wiki/%D0%A3%D1%81%D1%82%D0%B0%D1%88%D0%B5,што 
https://sr.wikipedia.org/wiki/%D0%A3%D1%81%D1%82%D0%B0%D1%88%D0%B5,што 
https://sr.wikipedia.org/wiki/%D0%A3%D1%81%D1%82%D0%B0%D1%88%D0%B5,што 
https://sr.wikipedia.org/wiki/%D0%A3%D1%81%D1%82%D0%B0%D1%88%D0%B5,што 
https://sr.wikipedia.org/wiki/%D0%A3%D1%81%D1%82%D0%B0%D1%88%D0%B5,шта 
https://sr.wikipedia.org/wiki/%D0%A3%D1%81%D1%82%D0%B0%D1%88%D0%B5,што 
https://sr.wikipedia.org/wiki/%D0%A3%D1%81%D1%82%D0%B0%D1%88%D0%B5,што 
https://sr.wikipedia.org/wiki/%D0%A3%D1%81%D1%82%D0%B0%D1%88%D0%B5,што 
https://sr.wikipedia.org/wiki/%D0%A3%D1%81%D1%82%D0%B0%D1%88%D0%B5,шта 
https://sr.wikipedia.org/wiki/%D0%A3%D1%81%D1%82%D0%B0%D1%88%D0%B5,што 
https://sr.wikipedia.org/wiki/%D0%A3%D1%81%D1%82%D0%B0%D1%88%D0%B5,што 
https://sr.wikipedia.org/wiki/%D0%A3%D1%81%D1%82%D0%B0%D1%88%D0%B5,што 
https://sr.wikipedia.org/wiki/%D0%A3%D1%81%D1%82%D0%B0%D1%88%D0%B5,што 
https://sr.wikipedia.org/wiki/%D0%A3%D1%81%D1%82%D0%B0%D1%88%D0%B5,што 
https://sr.wikipedia.org/wiki/%D0%A3%D1%81%D1%82%D0%B0%D1%88%D0%B5,што 
https://sr.wikipedia.org/wiki/%D0%9F%D1%80%D0%B0%D0%B2%D0%BE%D1%81%D0%BB%D0%B0%D0%B2%D0%BD%D0%B0_%D1%86%D1%80%D0%BA%D0%B2%D0%B0_%D1%83_%D0%A6%D1%80%D0%BD%D0%BE%D1%98_%D0%93%D0%BE%D1%80%D0%B8,што 
https://sr.wikipedia.org/wiki/%D0%9D%D0%B0%D1%86%D0%B8%D0%BE%D0%BD%D0%B0%D0%BB%D0%B8%D0%B7%D0%B0%D0%BC,што 
https://sr.wikipedia.org/wiki/%D0%9D%D0%B0%D1%86%D0%B8%D0%BE%D0%BD%D0%B0%D0%BB%D0%B8%D0%B7%D0%B0%D0%BC,што 
https://sr.wikipedia.org/wiki/%D0%9D%D0%B0%D1%86%D0%B8%D0%BE%D0%BD%D0%B0%D0%BB%D0%B8%D0%B7%D0%B0%D0%BC,што 
https://sr.wikipedia.org/wiki/%D0%9D%D0%B0%D1%86%D0%B8%D0%BE%D0%BD%D0%B0%D0%BB%D0%B8%D0%B7%D0%B0%D0%BC,што 
https://sr.wikipedia.org/wiki/%D0%9D%D0%B0%D1%86%D0%B8%D0%BE%D0%BD%D0%B0%D0%BB%D0%B8%D0%B7%D0%B0%D0%BC,што 
